category,subcategory,title,price,url,image_url,description,reviews,specifications,page_reference
Computers,Laptops,$416.99,416.99,https://webscraper.io/test-sites/e-commerce/static/product/31,https://webscraper.io/images/test-sites/e-commerce/items/cart2.png,"15.6"", AMD E2-3800 1.3GHz, 4GB, 500GB, Windows 8.1",2 reviews,"15.6"", AMD E2-3800 1.3GHz, 4GB, 500GB, Windows 8.1",page_1
Computers,Laptops,$306.99,306.99,https://webscraper.io/test-sites/e-commerce/static/product/32,https://webscraper.io/images/test-sites/e-commerce/items/cart2.png,"15.6"", Pentium N3520 2.16GHz, 4GB, 500GB, Linux",2 reviews,"15.6"", Pentium N3520 2.16GHz, 4GB, 500GB, Linux",page_2
Computers,Laptops,$1178.99,1178.99,https://webscraper.io/test-sites/e-commerce/static/product/33,https://webscraper.io/images/test-sites/e-commerce/items/cart2.png,"15.6"", Core i5-4200M, 4GB, 500GB, Win7 Pro 64bit",2 reviews,"15.6"", Core i5-4200M, 4GB, 500GB, Win7 Pro 64bit",page_3
Computers,Laptops,$739.99,739.99,https://webscraper.io/test-sites/e-commerce/static/product/34,https://webscraper.io/images/test-sites/e-commerce/items/cart2.png,"14"", Core i5 2.6GHz, 4GB, 500GB, Win7 Pro 64bit",8 reviews,"14"", Core i5 2.6GHz, 4GB, 500GB, Win7 Pro 64bit",page_4
Computers,Laptops,$1311.99,1311.99,https://webscraper.io/test-sites/e-commerce/static/product/35,https://webscraper.io/images/test-sites/e-commerce/items/cart2.png,"12.5"", Core i5-4300U, 8GB, 240GB SSD, Win7 Pro 64bit",12 reviews,"12.5"", Core i5-4300U, 8GB, 240GB SSD, Win7 Pro 64bit",page_5
Computers,Laptops,$581.99,581.99,https://webscraper.io/test-sites/e-commerce/static/product/36,https://webscraper.io/images/test-sites/e-commerce/items/cart2.png,"15.6"", Core i5-4200U, 8GB, 1TB, Radeon R7 M265, Windows 8.1",2 reviews,"15.6"", Core i5-4200U, 8GB, 1TB, Radeon R7 M265, Windows 8.1",page_6
Computers,Laptops,$1033.99,1033.99,https://webscraper.io/test-sites/e-commerce/static/product/37,https://webscraper.io/images/test-sites/e-commerce/items/cart2.png,"12.5"" Touch, Core i3-4010U, 4GB, 500GB + 16GB SSD Cache,",13 reviews,"12.5"" Touch, Core i3-4010U, 4GB, 500GB + 16GB SSD Cache,",page_7
Computers,Laptops,$609.99,609.99,https://webscraper.io/test-sites/e-commerce/static/product/38,https://webscraper.io/images/test-sites/e-commerce/items/cart2.png,"15.6"", Core i5-4200U, 6GB, 750GB, Windows 8.1",4 reviews,"15.6"", Core i5-4200U, 6GB, 750GB, Windows 8.1",page_8
Computers,Laptops,$745.99,745.99,https://webscraper.io/test-sites/e-commerce/static/product/39,https://webscraper.io/images/test-sites/e-commerce/items/cart2.png,"Moon Silver, 15.6"", Core i7-4510U, 8GB, 1TB, Radeon HD R7 M265 2GB,",12 reviews,"Moon Silver, 15.6"", Core i7-4510U, 8GB, 1TB, Radeon HD R7 M265 2GB,",page_9
Computers,Laptops,$1281.99,1281.99,https://webscraper.io/test-sites/e-commerce/static/product/40,https://webscraper.io/images/test-sites/e-commerce/items/cart2.png,"13.3"" Touch, Core i5-4210U, 8GB, 128GB SSD, Windows 8.1",4 reviews,"13.3"" Touch, Core i5-4210U, 8GB, 128GB SSD, Windows 8.1",page_10
Computers,Laptops,$1244.99,1244.99,https://webscraper.io/test-sites/e-commerce/static/product/41,https://webscraper.io/images/test-sites/e-commerce/items/cart2.png,"12.5"", Core i5 2.6GHz, 8GB, 180GB SSD, Win7 Pro 64bit",10 reviews,"12.5"", Core i5 2.6GHz, 8GB, 180GB SSD, Win7 Pro 64bit",page_11
Computers,Laptops,$520.99,520.99,https://webscraper.io/test-sites/e-commerce/static/product/42,https://webscraper.io/images/test-sites/e-commerce/items/cart2.png,"15.6"", Core i5-4210U, 4GB, 500GB, Windows 8.1",13 reviews,"15.6"", Core i5-4210U, 4GB, 500GB, Windows 8.1",page_12
Computers,Laptops,$1223.99,1223.99,https://webscraper.io/test-sites/e-commerce/static/product/43,https://webscraper.io/images/test-sites/e-commerce/items/cart2.png,"12.5"" Touch, Core i5 4200U, 8GB, 500GB + 16GB SSD Cache, Windows",2 reviews,"12.5"" Touch, Core i5 4200U, 8GB, 500GB + 16GB SSD Cache, Windows",page_13
Computers,Laptops,$577.99,577.99,https://webscraper.io/test-sites/e-commerce/static/product/44,https://webscraper.io/images/test-sites/e-commerce/items/cart2.png,"15.6"", Core i5-4200U, 4GB, 750GB, Radeon HD8670M 2GB, Windows",10 reviews,"15.6"", Core i5-4200U, 4GB, 750GB, Radeon HD8670M 2GB, Windows",page_14
Computers,Laptops,$399,399.0,https://webscraper.io/test-sites/e-commerce/static/product/45,https://webscraper.io/images/test-sites/e-commerce/items/cart2.png,"Asus VivoBook Max X541NA-GQ041 Black Chocolate, 15.6"" HD, Pentium N4200 1.1GHz, 4GB, 500GB, Windows 10 Home",4 reviews,"Asus VivoBook Max X541NA-GQ041 Black Chocolate, 15.6"" HD, Pentium N4200 1.1GHz, 4GB, 500GB, Windows 10 Home",page_15
Computers,Laptops,$488.78,488.78,https://webscraper.io/test-sites/e-commerce/static/product/46,https://webscraper.io/images/test-sites/e-commerce/items/cart2.png,"Dell Vostro 15 (3568) Black, 15.6"" FHD, Core i5-7200U, 4GB, 128GB SSD, Radeon R5 M420 2GB, Linux",14 reviews,"Dell Vostro 15 (3568) Black, 15.6"" FHD, Core i5-7200U, 4GB, 128GB SSD, Radeon R5 M420 2GB, Linux",page_16
Computers,Laptops,$564.98,564.98,https://webscraper.io/test-sites/e-commerce/static/product/47,https://webscraper.io/images/test-sites/e-commerce/items/cart2.png,"Acer Spin 5 SP513-51 Black, 13.3"" FHD Touch, Core i3-7100U, 4GB, 128GB SSD, Windows 10 Home",0 reviews,"Acer Spin 5 SP513-51 Black, 13.3"" FHD Touch, Core i3-7100U, 4GB, 128GB SSD, Windows 10 Home",page_17
Computers,Laptops,$679,679.0,https://webscraper.io/test-sites/e-commerce/static/product/48,https://webscraper.io/images/test-sites/e-commerce/items/cart2.png,"Acer Aspire A515-51-5654, Black, 15.6"", FHD, Core i5-8250U, 8GB DDR4, 256GB SSD, Windows 10 Home, ENG",9 reviews,"Acer Aspire A515-51-5654, Black, 15.6"", FHD, Core i5-8250U, 8GB DDR4, 256GB SSD, Windows 10 Home, ENG",page_18
Computers,Laptops,$679,679.0,https://webscraper.io/test-sites/e-commerce/static/product/49,https://webscraper.io/images/test-sites/e-commerce/items/cart2.png,"Dell Inspiron 15 (5567) Fog Gray, 15.6"" FHD, Core i5-7200U, 8GB, 1TB, Radeon R7 M445 4GB, Linux",7 reviews,"Dell Inspiron 15 (5567) Fog Gray, 15.6"" FHD, Core i5-7200U, 8GB, 1TB, Radeon R7 M445 4GB, Linux",page_19
Computers,Laptops,$729,729.0,https://webscraper.io/test-sites/e-commerce/static/product/50,https://webscraper.io/images/test-sites/e-commerce/items/cart2.png,"Asus VivoBook S14 (S406UA-BV041T) Starry Grey, 14"", Core i5-8250U, 8GB, 256GB SSD, Windows 10 Home, Eng kbd",2 reviews,"Asus VivoBook S14 (S406UA-BV041T) Starry Grey, 14"", Core i5-8250U, 8GB, 256GB SSD, Windows 10 Home, Eng kbd",page_20
Computers,Laptops,$799,799.0,https://webscraper.io/test-sites/e-commerce/static/product/51,https://webscraper.io/images/test-sites/e-commerce/items/cart2.png,"Asus ROG STRIX GL553VD-DM256, 15.6"" FHD, Core i5-7300HQ, 8GB, 1TB, GeForce GTX 1050 2GB, No OS",7 reviews,"Asus ROG STRIX GL553VD-DM256, 15.6"" FHD, Core i5-7300HQ, 8GB, 1TB, GeForce GTX 1050 2GB, No OS",page_21
Computers,Laptops,$809,809.0,https://webscraper.io/test-sites/e-commerce/static/product/52,https://webscraper.io/images/test-sites/e-commerce/items/cart2.png,"Acer Nitro 5 AN515-51, 15.6"" FHD IPS, Core i5-7300HQ, 8GB, 1TB, GeForce GTX 1050 2GB, Windows 10 Home",0 reviews,"Acer Nitro 5 AN515-51, 15.6"" FHD IPS, Core i5-7300HQ, 8GB, 1TB, GeForce GTX 1050 2GB, Windows 10 Home",page_22
Computers,Laptops,$899,899.0,https://webscraper.io/test-sites/e-commerce/static/product/53,https://webscraper.io/images/test-sites/e-commerce/items/cart2.png,"Asus ROG STRIX GL553VD-DM256, 15.6"" FHD, Core i5-7300HQ, 8GB, 1TB, GeForce GTX 1050 2GB, No OS + Windows 10 Home",7 reviews,"Asus ROG STRIX GL553VD-DM256, 15.6"" FHD, Core i5-7300HQ, 8GB, 1TB, GeForce GTX 1050 2GB, No OS + Windows 10 Home",page_23
Computers,Laptops,$999,999.0,https://webscraper.io/test-sites/e-commerce/static/product/54,https://webscraper.io/images/test-sites/e-commerce/items/cart2.png,"Lenovo ThinkPad L570, 15.6"" FHD, Core i7-7500U, 8GB, 256GB SSD, Windows 10 Pro",11 reviews,"Lenovo ThinkPad L570, 15.6"" FHD, Core i7-7500U, 8GB, 256GB SSD, Windows 10 Pro",page_24
Computers,Laptops,$1149,1149.0,https://webscraper.io/test-sites/e-commerce/static/product/55,https://webscraper.io/images/test-sites/e-commerce/items/cart2.png,"Lenovo Legion Y520-15IKBM, 15.6"" FHD IPS, Core i7-7700HQ, 8GB, 128GB SSD + 1TB, GeForce GTX 1060 Max-Q 6GB, DOS",11 reviews,"Lenovo Legion Y520-15IKBM, 15.6"" FHD IPS, Core i7-7700HQ, 8GB, 128GB SSD + 1TB, GeForce GTX 1060 Max-Q 6GB, DOS",page_25
Computers,Laptops,$1399,1399.0,https://webscraper.io/test-sites/e-commerce/static/product/56,https://webscraper.io/images/test-sites/e-commerce/items/cart2.png,"Lenovo Legion Y720, 15.6"" FHD IPS, Core i7-7700HQ, 8GB, 128GB SSD + 2TB HDD, GeForce GTX 1060 6GB, DOS, RGB backlit keyboard",8 reviews,"Lenovo Legion Y720, 15.6"" FHD IPS, Core i7-7700HQ, 8GB, 128GB SSD + 2TB HDD, GeForce GTX 1060 6GB, DOS, RGB backlit keyboard",page_26
Computers,Laptops,$1769,1769.0,https://webscraper.io/test-sites/e-commerce/static/product/57,https://webscraper.io/images/test-sites/e-commerce/items/cart2.png,"Asus ROG Strix GL702ZC-GC154T, 17.3"" FHD, Ryzen 7 1700, 16GB, 256GB + 1TB HDD, Radeon RX 580 4GB, Windows 10 Home",7 reviews,"Asus ROG Strix GL702ZC-GC154T, 17.3"" FHD, Ryzen 7 1700, 16GB, 256GB + 1TB HDD, Radeon RX 580 4GB, Windows 10 Home",page_27
Computers,Laptops,$1769,1769.0,https://webscraper.io/test-sites/e-commerce/static/product/58,https://webscraper.io/images/test-sites/e-commerce/items/cart2.png,"Asus ROG Strix GL702ZC-GC209T, 17.3"" FHD IPS, Ryzen 7 1700, 16GB, 256GB SSD + 1TB HDD, Radeon RX 580 4GB, Windows 10 Home",8 reviews,"Asus ROG Strix GL702ZC-GC209T, 17.3"" FHD IPS, Ryzen 7 1700, 16GB, 256GB SSD + 1TB HDD, Radeon RX 580 4GB, Windows 10 Home",page_28
Computers,Laptops,$1799,1799.0,https://webscraper.io/test-sites/e-commerce/static/product/59,https://webscraper.io/images/test-sites/e-commerce/items/cart2.png,"Asus ROG Strix SCAR Edition GL503VM-ED115T, 15.6"" FHD 120Hz, Core i7-7700HQ, 16GB, 256GB SSD + 1TB SSHD, GeForce GTX 1060 6GB, Windows 10 Home",8 reviews,"Asus ROG Strix SCAR Edition GL503VM-ED115T, 15.6"" FHD 120Hz, Core i7-7700HQ, 16GB, 256GB SSD + 1TB SSHD, GeForce GTX 1060 6GB, Windows 10 Home",page_29
Computers,Laptops,$295.99,295.99,https://webscraper.io/test-sites/e-commerce/static/product/60,https://webscraper.io/images/test-sites/e-commerce/items/cart2.png,"Asus VivoBook X441NA-GA190 Chocolate Black, 14"", Celeron N3450, 4GB, 128GB SSD, Endless OS, ENG kbd",14 reviews,"Asus VivoBook X441NA-GA190 Chocolate Black, 14"", Celeron N3450, 4GB, 128GB SSD, Endless OS, ENG kbd",page_30
Computers,Laptops,$299,299.0,https://webscraper.io/test-sites/e-commerce/static/product/61,https://webscraper.io/images/test-sites/e-commerce/items/cart2.png,"Prestigio SmartBook 133S Dark Grey, 13.3"" FHD IPS, Celeron N3350 1.1GHz, 4GB, 32GB, Windows 10 Pro + Office 365 1 gadam",8 reviews,"Prestigio SmartBook 133S Dark Grey, 13.3"" FHD IPS, Celeron N3350 1.1GHz, 4GB, 32GB, Windows 10 Pro + Office 365 1 gadam",page_31
Computers,Laptops,$299,299.0,https://webscraper.io/test-sites/e-commerce/static/product/62,https://webscraper.io/images/test-sites/e-commerce/items/cart2.png,"Prestigio SmartBook 133S Gold, 13.3"" FHD IPS, Celeron N3350 1.1GHz, 4GB, 32GB, Windows 10 Pro + Office 365 1 gadam",12 reviews,"Prestigio SmartBook 133S Gold, 13.3"" FHD IPS, Celeron N3350 1.1GHz, 4GB, 32GB, Windows 10 Pro + Office 365 1 gadam",page_32
Computers,Laptops,$321.94,321.94,https://webscraper.io/test-sites/e-commerce/static/product/63,https://webscraper.io/images/test-sites/e-commerce/items/cart2.png,"Lenovo V110-15IAP, 15.6"" HD, Celeron N3350 1.1GHz, 4GB, 128GB SSD, Windows 10 Home",5 reviews,"Lenovo V110-15IAP, 15.6"" HD, Celeron N3350 1.1GHz, 4GB, 128GB SSD, Windows 10 Home",page_33
Computers,Laptops,$356.49,356.49,https://webscraper.io/test-sites/e-commerce/static/product/64,https://webscraper.io/images/test-sites/e-commerce/items/cart2.png,"Asus VivoBook 15 X540NA-GQ008T Chocolate Black, 15.6"" HD, Pentium N4200, 4GB, 500GB, Windows 10 Home, En kbd",6 reviews,"Asus VivoBook 15 X540NA-GQ008T Chocolate Black, 15.6"" HD, Pentium N4200, 4GB, 500GB, Windows 10 Home, En kbd",page_34
Computers,Laptops,$364.46,364.46,https://webscraper.io/test-sites/e-commerce/static/product/65,https://webscraper.io/images/test-sites/e-commerce/items/cart2.png,"Hewlett Packard 250 G6 Dark Ash Silver, 15.6"" HD, Celeron N3060 1.6GHz, 4GB, 128GB SSD, DOS",12 reviews,"Hewlett Packard 250 G6 Dark Ash Silver, 15.6"" HD, Celeron N3060 1.6GHz, 4GB, 128GB SSD, DOS",page_35
Computers,Laptops,$372.7,372.7,https://webscraper.io/test-sites/e-commerce/static/product/66,https://webscraper.io/images/test-sites/e-commerce/items/cart2.png,"Acer Aspire 3 A315-31 Black, 15.6"" HD, Celeron N3350 1.1GHz, 4GB, 128GB SSD, Windows 10 Home",2 reviews,"Acer Aspire 3 A315-31 Black, 15.6"" HD, Celeron N3350 1.1GHz, 4GB, 128GB SSD, Windows 10 Home",page_36
Computers,Laptops,$379.94,379.94,https://webscraper.io/test-sites/e-commerce/static/product/67,https://webscraper.io/images/test-sites/e-commerce/items/cart2.png,"Acer Aspire A315-31-C33J Black 15.6"", HD, Celeron N3350, 4GB DDR3L, 128GB, Windows 10 Home, ENG",0 reviews,"Acer Aspire A315-31-C33J Black 15.6"", HD, Celeron N3350, 4GB DDR3L, 128GB, Windows 10 Home, ENG",page_37
Computers,Laptops,$379.95,379.95,https://webscraper.io/test-sites/e-commerce/static/product/68,https://webscraper.io/images/test-sites/e-commerce/items/cart2.png,"Acer Aspire ES1-572 Black, 15.6"" HD, Core i3-6006U, 4GB, 128GB SSD, Linux",9 reviews,"Acer Aspire ES1-572 Black, 15.6"" HD, Core i3-6006U, 4GB, 128GB SSD, Linux",page_38
Computers,Laptops,$391.48,391.48,https://webscraper.io/test-sites/e-commerce/static/product/69,https://webscraper.io/images/test-sites/e-commerce/items/cart2.png,"Acer Aspire 3 A315-31 Black, 15.6"" HD, Pentium N4200 1.1GHz, 4GB, 128GB SSD, Windows 10 Home",10 reviews,"Acer Aspire 3 A315-31 Black, 15.6"" HD, Pentium N4200 1.1GHz, 4GB, 128GB SSD, Windows 10 Home",page_39
Computers,Laptops,$393.88,393.88,https://webscraper.io/test-sites/e-commerce/static/product/70,https://webscraper.io/images/test-sites/e-commerce/items/cart2.png,"Acer Aspire 3 A315-21, 15.6"", AMD A4-9120. 4GB. 128GB SSD, Linux",9 reviews,"Acer Aspire 3 A315-21, 15.6"", AMD A4-9120. 4GB. 128GB SSD, Linux",page_40
Computers,Laptops,$399.99,399.99,https://webscraper.io/test-sites/e-commerce/static/product/71,https://webscraper.io/images/test-sites/e-commerce/items/cart2.png,"Asus VivoBook E502NA-GO022T Dark Blue, 15.6"" HD, Pentium N4200 1.1GHz, 4GB, 128GB SSD, Windows 10 Home, En/Ru kbd",3 reviews,"Asus VivoBook E502NA-GO022T Dark Blue, 15.6"" HD, Pentium N4200 1.1GHz, 4GB, 128GB SSD, Windows 10 Home, En/Ru kbd",page_41
Computers,Laptops,$404.23,404.23,https://webscraper.io/test-sites/e-commerce/static/product/72,https://webscraper.io/images/test-sites/e-commerce/items/cart2.png,"Lenovo ThinkPad E31-80, 13.3"" HD, Celeron 3855U 1.6GHz, 4GB, 128GB SSD, Windows 10 Home",12 reviews,"Lenovo ThinkPad E31-80, 13.3"" HD, Celeron 3855U 1.6GHz, 4GB, 128GB SSD, Windows 10 Home",page_42
Computers,Laptops,$408.98,408.98,https://webscraper.io/test-sites/e-commerce/static/product/73,https://webscraper.io/images/test-sites/e-commerce/items/cart2.png,"Acer Aspire 3 A315-31 Black, 15.6"" HD, Pentium N4200 1.1GHz, 4GB, 128GB SSD, Windows 10 Home",10 reviews,"Acer Aspire 3 A315-31 Black, 15.6"" HD, Pentium N4200 1.1GHz, 4GB, 128GB SSD, Windows 10 Home",page_43
Computers,Laptops,$409.63,409.63,https://webscraper.io/test-sites/e-commerce/static/product/74,https://webscraper.io/images/test-sites/e-commerce/items/cart2.png,"Lenovo V110-15ISK, 15.6"" HD, Core i3-6006U, 8GB, 128GB SSD, Windows 10 Home",9 reviews,"Lenovo V110-15ISK, 15.6"" HD, Core i3-6006U, 8GB, 128GB SSD, Windows 10 Home",page_44
Computers,Laptops,$410.46,410.46,https://webscraper.io/test-sites/e-commerce/static/product/75,https://webscraper.io/images/test-sites/e-commerce/items/cart2.png,"Acer Aspire ES1-732 Black, 17.3"" HD+, Celeron, N3350, 4GB, 1TB, Windows 10 Home",14 reviews,"Acer Aspire ES1-732 Black, 17.3"" HD+, Celeron, N3350, 4GB, 1TB, Windows 10 Home",page_45
Computers,Laptops,$410.66,410.66,https://webscraper.io/test-sites/e-commerce/static/product/76,https://webscraper.io/images/test-sites/e-commerce/items/cart2.png,"Asus VivoBook 15 X540NA-GQ026T Chocolate Black, 15.6"" HD, Pentium N4200, 4GB, 128GB SSD, Windows 10 Home, En/Ru kbd",4 reviews,"Asus VivoBook 15 X540NA-GQ026T Chocolate Black, 15.6"" HD, Pentium N4200, 4GB, 128GB SSD, Windows 10 Home, En/Ru kbd",page_46
Computers,Laptops,$433.3,433.3,https://webscraper.io/test-sites/e-commerce/static/product/77,https://webscraper.io/images/test-sites/e-commerce/items/cart2.png,"Asus EeeBook R416NA-FA014T, 14"" FHD, Pentium N4200, 4GB, 128GB eMMC, Windows 10 Home, Eng kbd",1 reviews,"Asus EeeBook R416NA-FA014T, 14"" FHD, Pentium N4200, 4GB, 128GB eMMC, Windows 10 Home, Eng kbd",page_47
Computers,Laptops,$436.29,436.29,https://webscraper.io/test-sites/e-commerce/static/product/78,https://webscraper.io/images/test-sites/e-commerce/items/cart2.png,"Acer Aspire 3 A315-51, 15.6"" HD, Core i3-6006U, 4GB, 1TB, Windows 10 Home",1 reviews,"Acer Aspire 3 A315-51, 15.6"" HD, Core i3-6006U, 4GB, 1TB, Windows 10 Home",page_48
Computers,Laptops,$436.29,436.29,https://webscraper.io/test-sites/e-commerce/static/product/79,https://webscraper.io/images/test-sites/e-commerce/items/cart2.png,"Acer Aspire ES1-572 Black, 15.6"" HD, Core i3-6006U, 4GB, 500GB, Windows 10 Home",2 reviews,"Acer Aspire ES1-572 Black, 15.6"" HD, Core i3-6006U, 4GB, 500GB, Windows 10 Home",page_49
Computers,Laptops,$439.73,439.73,https://webscraper.io/test-sites/e-commerce/static/product/80,https://webscraper.io/images/test-sites/e-commerce/items/cart2.png,"Acer Extensa 15 (2540) Black, 15.6"" HD, Core i5-7200U, 4GB, 500GB, Linux",6 reviews,"Acer Extensa 15 (2540) Black, 15.6"" HD, Core i5-7200U, 4GB, 500GB, Linux",page_50
Computers,Laptops,$454.62,454.62,https://webscraper.io/test-sites/e-commerce/static/product/81,https://webscraper.io/images/test-sites/e-commerce/items/cart2.png,"Acer Aspire ES1-572 Black, 15.6"" HD, Core i5-7200U, 4GB, 500GB, Linux",9 reviews,"Acer Aspire ES1-572 Black, 15.6"" HD, Core i5-7200U, 4GB, 500GB, Linux",page_51
Computers,Laptops,$454.73,454.73,https://webscraper.io/test-sites/e-commerce/static/product/82,https://webscraper.io/images/test-sites/e-commerce/items/cart2.png,"Lenovo V110-15ISK, 15.6"" HD, Core i3-6006U, 4GB, 128GB SSD, Windows 10 Pro",2 reviews,"Lenovo V110-15ISK, 15.6"" HD, Core i3-6006U, 4GB, 128GB SSD, Windows 10 Pro",page_52
Computers,Laptops,$457.38,457.38,https://webscraper.io/test-sites/e-commerce/static/product/83,https://webscraper.io/images/test-sites/e-commerce/items/cart2.png,"Acer Aspire A315-51-33TG, Black 15.6"" HD, Core i3-7100U, 4GB DDR4, 128GB SSD, Windows 10 Home, ENG",9 reviews,"Acer Aspire A315-51-33TG, Black 15.6"" HD, Core i3-7100U, 4GB DDR4, 128GB SSD, Windows 10 Home, ENG",page_53
Computers,Laptops,$465.95,465.95,https://webscraper.io/test-sites/e-commerce/static/product/84,https://webscraper.io/images/test-sites/e-commerce/items/cart2.png,"Lenovo V110-15IKB, 15.6"" HD, Core i5-7200U, 4GB, 500GB, DOS",7 reviews,"Lenovo V110-15IKB, 15.6"" HD, Core i5-7200U, 4GB, 500GB, DOS",page_54
Computers,Laptops,$468.56,468.56,https://webscraper.io/test-sites/e-commerce/static/product/85,https://webscraper.io/images/test-sites/e-commerce/items/cart2.png,"Asus VivoBook 15 X540UA-DM260 Chocolate Black, 15.6"" FHD, Core i3-6006U, 4GB, 256GB SSD, Endless OS, En kbd",1 reviews,"Asus VivoBook 15 X540UA-DM260 Chocolate Black, 15.6"" FHD, Core i3-6006U, 4GB, 256GB SSD, Endless OS, En kbd",page_55
Computers,Laptops,$469.1,469.1,https://webscraper.io/test-sites/e-commerce/static/product/86,https://webscraper.io/images/test-sites/e-commerce/items/cart2.png,"Acer Aspire ES1-572 Black, 15.6"" HD, Core i3-6006U, 4GB, 128GB SSD, Windows 10 Home",5 reviews,"Acer Aspire ES1-572 Black, 15.6"" HD, Core i3-6006U, 4GB, 128GB SSD, Windows 10 Home",page_56
Computers,Laptops,$484.23,484.23,https://webscraper.io/test-sites/e-commerce/static/product/87,https://webscraper.io/images/test-sites/e-commerce/items/cart2.png,"Lenovo V510 Black, 14"" HD, Core i3-6006U, 4GB, 128GB SSD, Windows 10 Home",8 reviews,"Lenovo V510 Black, 14"" HD, Core i3-6006U, 4GB, 128GB SSD, Windows 10 Home",page_57
Computers,Laptops,$485.9,485.9,https://webscraper.io/test-sites/e-commerce/static/product/88,https://webscraper.io/images/test-sites/e-commerce/items/cart2.png,"Acer Aspire ES1-572 Black, 15.6"" HD, Core i5-7200U, 4GB, 128GB SSD, Linux",6 reviews,"Acer Aspire ES1-572 Black, 15.6"" HD, Core i5-7200U, 4GB, 128GB SSD, Linux",page_58
Computers,Laptops,$487.8,487.8,https://webscraper.io/test-sites/e-commerce/static/product/89,https://webscraper.io/images/test-sites/e-commerce/items/cart2.png,"Lenovo V510 Black, 15.6"" HD, Core i3-6006U, 4GB, 128GB SSD, Windows 10 Home",9 reviews,"Lenovo V510 Black, 15.6"" HD, Core i3-6006U, 4GB, 128GB SSD, Windows 10 Home",page_59
Computers,Laptops,$488.64,488.64,https://webscraper.io/test-sites/e-commerce/static/product/90,https://webscraper.io/images/test-sites/e-commerce/items/cart2.png,"Acer Swift 1 SF113-31 Silver, 13.3"" FHD, Pentium N4200, 4GB, 128GB SSD, Windows 10 Home",4 reviews,"Acer Swift 1 SF113-31 Silver, 13.3"" FHD, Pentium N4200, 4GB, 128GB SSD, Windows 10 Home",page_60
Computers,Laptops,$1337.28,1337.28,https://webscraper.io/test-sites/e-commerce/static/product/139,https://webscraper.io/images/test-sites/e-commerce/items/cart2.png,"Dell Latitude 5580, 15.6"" FHD, Core i7-7600U, 8GB, 256GB SSD, GeForce GT930MX, Windows 10 Pro",6 reviews,"Dell Latitude 5580, 15.6"" FHD, Core i7-7600U, 8GB, 256GB SSD, GeForce GT930MX, Windows 10 Pro",page_61
Computers,Laptops,$1338.37,1338.37,https://webscraper.io/test-sites/e-commerce/static/product/140,https://webscraper.io/images/test-sites/e-commerce/items/cart2.png,"Dell Latitude 5480, 14"" FHD, Core i7-7600U, 8GB, 256GB SSD, Linux + Windows 10 Home",11 reviews,"Dell Latitude 5480, 14"" FHD, Core i7-7600U, 8GB, 256GB SSD, Linux + Windows 10 Home",page_62
Computers,Laptops,$1341.22,1341.22,https://webscraper.io/test-sites/e-commerce/static/product/141,https://webscraper.io/images/test-sites/e-commerce/items/cart2.png,"Dell Latitude 5580, 15.6"" FHD, Core i7-7600U, 16GB, 256GB SSD, GeForce GT930MX, Linux",3 reviews,"Dell Latitude 5580, 15.6"" FHD, Core i7-7600U, 16GB, 256GB SSD, GeForce GT930MX, Linux",page_63
Computers,Laptops,$1347.78,1347.78,https://webscraper.io/test-sites/e-commerce/static/product/142,https://webscraper.io/images/test-sites/e-commerce/items/cart2.png,"Apple MacBook Air 13"", Intel Core i5 1.8GHz, 8GB, 256GB SSD, Intel HD 6000, RUS",11 reviews,"Apple MacBook Air 13"", Intel Core i5 1.8GHz, 8GB, 256GB SSD, Intel HD 6000, RUS",page_64
Computers,Laptops,$1349.23,1349.23,https://webscraper.io/test-sites/e-commerce/static/product/143,https://webscraper.io/images/test-sites/e-commerce/items/cart2.png,"Lenovo ThinkPad T470, 14"" FHD IPS, Core i5-7200U, 8GB, 256GB SSD, Windows 10 Pro",5 reviews,"Lenovo ThinkPad T470, 14"" FHD IPS, Core i5-7200U, 8GB, 256GB SSD, Windows 10 Pro",page_65
Computers,Laptops,$1362.24,1362.24,https://webscraper.io/test-sites/e-commerce/static/product/144,https://webscraper.io/images/test-sites/e-commerce/items/cart2.png,"Lenovo ThinkPad Yoga 370 Black, 13.3"" FHD IPS Touch, Core i5-7200U, 8GB, 256GB SSD, 4G, Windows 10 Pro",12 reviews,"Lenovo ThinkPad Yoga 370 Black, 13.3"" FHD IPS Touch, Core i5-7200U, 8GB, 256GB SSD, 4G, Windows 10 Pro",page_66
Computers,Laptops,$1366.32,1366.32,https://webscraper.io/test-sites/e-commerce/static/product/145,https://webscraper.io/images/test-sites/e-commerce/items/cart2.png,"Toshiba Portege X20W-D-10V Black/Blue, 12.5"" FHD Touch, Core i7-7500U, 8GB, 512GB SSD, Windows 10 Pro",11 reviews,"Toshiba Portege X20W-D-10V Black/Blue, 12.5"" FHD Touch, Core i7-7500U, 8GB, 512GB SSD, Windows 10 Pro",page_67
Computers,Laptops,$1381.13,1381.13,https://webscraper.io/test-sites/e-commerce/static/product/146,https://webscraper.io/images/test-sites/e-commerce/items/cart2.png,"Asus ASUSPRO B9440UA-GV0279R Gray, 14"" FHD, Core i7-7500U, 16GB, 512GB SSD, Windows 10 Pro, Eng kbd",4 reviews,"Asus ASUSPRO B9440UA-GV0279R Gray, 14"" FHD, Core i7-7500U, 16GB, 512GB SSD, Windows 10 Pro, Eng kbd",page_68
Computers,Laptops,$1399,1399.0,https://webscraper.io/test-sites/e-commerce/static/product/147,https://webscraper.io/images/test-sites/e-commerce/items/cart2.png,"Asus ROG Strix GL702VM-GC146T, 17.3"" FHD, Core i7-7700HQ, 8GB, 1TB + 128GB SSD, GeForce GTX 1060 3GB, Windows 10 Home, Eng kbd",10 reviews,"Asus ROG Strix GL702VM-GC146T, 17.3"" FHD, Core i7-7700HQ, 8GB, 1TB + 128GB SSD, GeForce GTX 1060 3GB, Windows 10 Home, Eng kbd",page_69
Computers,Tablets,$69.99,69.99,https://webscraper.io/test-sites/e-commerce/static/product/10,https://webscraper.io/images/test-sites/e-commerce/items/cart2.png,,7 reviews,,page_70
Computers,Tablets,$96.99,96.99,https://webscraper.io/test-sites/e-commerce/static/product/11,https://webscraper.io/images/test-sites/e-commerce/items/cart2.png,"7"" screen, Android, 16GB",7 reviews,"7"" screen, Android, 16GB",page_71
Computers,Tablets,$102.99,102.99,https://webscraper.io/test-sites/e-commerce/static/product/12,https://webscraper.io/images/test-sites/e-commerce/items/cart2.png,"7"" screen, Android, 8GB",14 reviews,"7"" screen, Android, 8GB",page_72
Computers,Tablets,$103.99,103.99,https://webscraper.io/test-sites/e-commerce/static/product/13,https://webscraper.io/images/test-sites/e-commerce/items/cart2.png,,3 reviews,,page_73
Computers,Tablets,$537.99,537.99,https://webscraper.io/test-sites/e-commerce/static/product/14,https://webscraper.io/images/test-sites/e-commerce/items/cart2.png,"Wi-Fi + Cellular, 32GB, Silver",8 reviews,"Wi-Fi + Cellular, 32GB, Silver",page_74
Computers,Tablets,$88.99,88.99,https://webscraper.io/test-sites/e-commerce/static/product/15,https://webscraper.io/images/test-sites/e-commerce/items/cart2.png,"Black, 7"" IPS, Quad-Core 1.2GHz, 8GB, Android 4.2",7 reviews,"Black, 7"" IPS, Quad-Core 1.2GHz, 8GB, Android 4.2",page_75
Computers,Tablets,$251.99,251.99,https://webscraper.io/test-sites/e-commerce/static/product/16,https://webscraper.io/images/test-sites/e-commerce/items/cart2.png,,14 reviews,,page_76
Computers,Tablets,$148.99,148.99,https://webscraper.io/test-sites/e-commerce/static/product/17,https://webscraper.io/images/test-sites/e-commerce/items/cart2.png,"Blue, 7"" IPS, Quad-Core 1.3GHz, 8GB, 3G, Android 4.2",9 reviews,"Blue, 7"" IPS, Quad-Core 1.3GHz, 8GB, 3G, Android 4.2",page_77
Computers,Tablets,$97.99,97.99,https://webscraper.io/test-sites/e-commerce/static/product/18,https://webscraper.io/images/test-sites/e-commerce/items/cart2.png,"7"", 8GB, Wi-Fi, Android 4.2, White",2 reviews,"7"", 8GB, Wi-Fi, Android 4.2, White",page_78
Computers,Tablets,$489.99,489.99,https://webscraper.io/test-sites/e-commerce/static/product/19,https://webscraper.io/images/test-sites/e-commerce/items/cart2.png,"12.2"", 32GB, WiFi, Android 4.4, White",9 reviews,"12.2"", 32GB, WiFi, Android 4.4, White",page_79
Computers,Tablets,$130.99,130.99,https://webscraper.io/test-sites/e-commerce/static/product/20,https://webscraper.io/images/test-sites/e-commerce/items/cart2.png,"White, 7"", Atom 1.2GHz, 8GB, Android 4.4",11 reviews,"White, 7"", Atom 1.2GHz, 8GB, Android 4.4",page_80
Computers,Tablets,$233.99,233.99,https://webscraper.io/test-sites/e-commerce/static/product/21,https://webscraper.io/images/test-sites/e-commerce/items/cart2.png,"LTE (SM-T235), Quad-Core 1.2GHz, 8GB, Black",1 reviews,"LTE (SM-T235), Quad-Core 1.2GHz, 8GB, Black",page_81
Computers,Tablets,$107.99,107.99,https://webscraper.io/test-sites/e-commerce/static/product/22,https://webscraper.io/images/test-sites/e-commerce/items/cart2.png,"7"", 8GB, Wi-Fi, Android 4.2, Yellow",14 reviews,"7"", 8GB, Wi-Fi, Android 4.2, Yellow",page_82
Computers,Tablets,$101.99,101.99,https://webscraper.io/test-sites/e-commerce/static/product/23,https://webscraper.io/images/test-sites/e-commerce/items/cart2.png,"IPS, Dual-Core 1.2GHz, 8GB, Android 4.3",10 reviews,"IPS, Dual-Core 1.2GHz, 8GB, Android 4.3",page_83
Computers,Tablets,$587.99,587.99,https://webscraper.io/test-sites/e-commerce/static/product/24,https://webscraper.io/images/test-sites/e-commerce/items/cart2.png,,6 reviews,,page_84
Computers,Tablets,$320.99,320.99,https://webscraper.io/test-sites/e-commerce/static/product/25,https://webscraper.io/images/test-sites/e-commerce/items/cart2.png,"White, 10.1"" IPS, 1.6GHz, 2GB, 16GB, Android 4.2",7 reviews,"White, 10.1"" IPS, 1.6GHz, 2GB, 16GB, Android 4.2",page_85
Computers,Tablets,$172.99,172.99,https://webscraper.io/test-sites/e-commerce/static/product/26,https://webscraper.io/images/test-sites/e-commerce/items/cart2.png,"Silver, 7"" IPS, Quad-Core 1.2Ghz, 16GB, 3G, Android 4.2",8 reviews,"Silver, 7"" IPS, Quad-Core 1.2Ghz, 16GB, 3G, Android 4.2",page_86
Computers,Tablets,$99.99,99.99,https://webscraper.io/test-sites/e-commerce/static/product/27,https://webscraper.io/images/test-sites/e-commerce/items/cart2.png,"Black, 7"", 1.6GHz Dual-Core, 8GB, Android 4.4",1 reviews,"Black, 7"", 1.6GHz Dual-Core, 8GB, Android 4.4",page_87
Computers,Tablets,$121.99,121.99,https://webscraper.io/test-sites/e-commerce/static/product/28,https://webscraper.io/images/test-sites/e-commerce/items/cart2.png,"Blue, 8"" IPS, Quad-Core 1.3GHz, 16GB, Android 4.2",13 reviews,"Blue, 8"" IPS, Quad-Core 1.3GHz, 16GB, Android 4.2",page_88
Computers,Tablets,$399.99,399.99,https://webscraper.io/test-sites/e-commerce/static/product/29,https://webscraper.io/images/test-sites/e-commerce/items/cart2.png,"10.1"", 3G, Android 4.0, Garnet Red",12 reviews,"10.1"", 3G, Android 4.0, Garnet Red",page_89
Computers,Tablets,$603.99,603.99,https://webscraper.io/test-sites/e-commerce/static/product/30,https://webscraper.io/images/test-sites/e-commerce/items/cart2.png,,7 reviews,,page_90
Phones,Touch,$24.99,24.99,https://webscraper.io/test-sites/e-commerce/static/product/1,https://webscraper.io/images/test-sites/e-commerce/items/cart2.png,,11 reviews,,page_91
Phones,Touch,$57.99,57.99,https://webscraper.io/test-sites/e-commerce/static/product/2,https://webscraper.io/images/test-sites/e-commerce/items/cart2.png,,11 reviews,,page_92
Phones,Touch,$93.99,93.99,https://webscraper.io/test-sites/e-commerce/static/product/3,https://webscraper.io/images/test-sites/e-commerce/items/cart2.png,,3 reviews,,page_93
Phones,Touch,$109.99,109.99,https://webscraper.io/test-sites/e-commerce/static/product/4,https://webscraper.io/images/test-sites/e-commerce/items/cart2.png,,4 reviews,,page_94
Phones,Touch,$118.99,118.99,https://webscraper.io/test-sites/e-commerce/static/product/5,https://webscraper.io/images/test-sites/e-commerce/items/cart2.png,,6 reviews,,page_95
Phones,Touch,$499.99,499.99,https://webscraper.io/test-sites/e-commerce/static/product/6,https://webscraper.io/images/test-sites/e-commerce/items/cart2.png,,2 reviews,,page_96
Phones,Touch,$899.99,899.99,https://webscraper.io/test-sites/e-commerce/static/product/7,https://webscraper.io/images/test-sites/e-commerce/items/cart2.png,,10 reviews,,page_97
Phones,Touch,$899.99,899.99,https://webscraper.io/test-sites/e-commerce/static/product/8,https://webscraper.io/images/test-sites/e-commerce/items/cart2.png,,8 reviews,,page_98
Phones,Touch,$899.99,899.99,https://webscraper.io/test-sites/e-commerce/static/product/9,https://webscraper.io/images/test-sites/e-commerce/items/cart2.png,,1 reviews,,page_99
